{
  "strategy_count": 10,
  "cache_mode": "3-tier",
  "duration_minutes": 10,
  "wall_clock_seconds": 0.3153064170037396,
  "strategy_stats": {
    "total_strategies": 10,
    "by_type": {
      "high_frequency": 5,
      "scalping": 3,
      "momentum": 1,
      "mean_reversion": 1
    },
    "by_timeframe": {
      "1m": 8,
      "5m": 2
    },
    "instruments": {
      "unique_count": 38,
      "total_count": 63,
      "avg_per_strategy": 6.3,
      "most_common": {
        "GOOGL": 4,
        "DIS": 4,
        "MSFT": 3,
        "PEP": 3,
        "ABBV": 3,
        "META": 3,
        "NVDA": 3,
        "AAPL": 2,
        "BA": 2,
        "NOW": 2
      }
    },
    "lookback": {
      "min": 20,
      "max": 200,
      "avg": 79.0
    }
  },
  "performance": {
    "latencies": {
      "get_bars_50_redis": {
        "p50": 22.420582943595946,
        "p95": 35.655457992106676,
        "p99": 35.655457992106676,
        "avg": 21.583114750683308,
        "min": 8.785124984569848,
        "max": 35.655457992106676,
        "count": 12
      },
      "get_bars_20_redis": {
        "p50": 20.506166969425976,
        "p95": 36.0965839936398,
        "p99": 36.0965839936398,
        "avg": 21.043928705954126,
        "min": 12.53220799844712,
        "max": 36.0965839936398,
        "count": 7
      },
      "get_bars_50_api": {
        "p50": 1150.9012500173412,
        "p95": 1161.8156250333413,
        "p99": 1161.8156250333413,
        "avg": 1110.4563470192563,
        "min": 1018.6521660070866,
        "max": 1161.8156250333413,
        "count": 3
      },
      "get_bars_200_api": {
        "p50": 1403.241291991435,
        "p95": 1450.9774170001037,
        "p99": 1450.9774170001037,
        "avg": 1347.4995138288552,
        "min": 1033.2867910037749,
        "max": 1450.9774170001037,
        "count": 12
      },
      "get_bars_20_api": {
        "p50": 1157.4717499897815,
        "p95": 1157.4717499897815,
        "p99": 1157.4717499897815,
        "avg": 1148.6275419883896,
        "min": 1139.7833339869976,
        "max": 1157.4717499897815,
        "count": 2
      },
      "get_bars_100_api": {
        "p50": 1251.064999960363,
        "p95": 1293.2676670025103,
        "p99": 1297.00637498172,
        "avg": 1254.4479050743394,
        "min": 1209.046124946326,
        "max": 1297.00637498172,
        "count": 25
      },
      "get_bar_redis_hit": {
        "p50": 3.440209024120122,
        "p95": 6.134249968454242,
        "p99": 9.915417002048343,
        "avg": 3.366175462160514,
        "min": 0.6452089874073863,
        "max": 10.049625008832663,
        "count": 454
      },
      "get_bars_20_memory": {
        "p50": 0.004917033948004246,
        "p95": 0.01087499549612403,
        "p99": 0.013542012311518192,
        "avg": 0.005596225382760167,
        "min": 0.002541986759752035,
        "max": 0.013542012311518192,
        "count": 100
      },
      "get_bars_100_memory": {
        "p50": 0.005542009603232145,
        "p95": 0.010374991688877344,
        "p99": 0.015458965208381414,
        "avg": 0.006234943349328306,
        "min": 0.003916036803275347,
        "max": 0.01679197885096073,
        "count": 180
      },
      "get_bars_50_memory": {
        "p50": 0.004458008334040642,
        "p95": 0.01004204386845231,
        "p99": 0.01429201802238822,
        "avg": 0.005217749470223983,
        "min": 0.0031249946914613247,
        "max": 0.02475001383572817,
        "count": 150
      },
      "get_bars_200_memory": {
        "p50": 0.006459013093262911,
        "p95": 0.009291048627346754,
        "p99": 0.010208983439952135,
        "avg": 0.006763328036124056,
        "min": 0.00500003807246685,
        "max": 0.010208983439952135,
        "count": 22
      },
      "get_bars_200_redis": {
        "p50": 0.3540419857017696,
        "p95": 0.3540419857017696,
        "p99": 0.3540419857017696,
        "avg": 0.34356300602667034,
        "min": 0.3330840263515711,
        "max": 0.3540419857017696,
        "count": 2
      }
    },
    "cache_hit_rates": {
      "memory_bulk": {
        "rate": 87.76699029126213,
        "hits": 452,
        "misses": 63,
        "total": 515
      },
      "redis_bulk": {
        "rate": 33.33333333333333,
        "hits": 21,
        "misses": 42,
        "total": 63
      },
      "memory": {
        "rate": 0.0,
        "hits": 0,
        "misses": 454,
        "total": 454
      },
      "redis": {
        "rate": 100.0,
        "hits": 454,
        "misses": 0,
        "total": 454
      }
    },
    "total_runtime_seconds": 2.192340135574341
  },
  "system": {
    "duration_seconds": 2.1899709701538086,
    "cpu": {
      "avg_percent": 0.0,
      "max_percent": 0.0,
      "min_percent": 0.0,
      "num_cores": 10
    },
    "memory": {
      "avg_rss_mb": 64.970703125,
      "max_rss_mb": 65.140625,
      "peak_percent": 0.3975868225097656,
      "final_rss_mb": 65.140625
    },
    "network": {
      "total_sent_mb": 1.28515625,
      "total_recv_mb": 2.0830078125,
      "avg_send_mbps": 19.530176362985014,
      "avg_recv_mbps": 31.65491351234577
    },
    "threads": {
      "avg": 12.0,
      "max": 12,
      "final": 12
    },
    "snapshots_collected": 2
  },
  "timestamp": "2025-10-16T15:55:02.703311"
}