{
  "strategy_count": 10,
  "cache_mode": "2-tier",
  "duration_minutes": 10,
  "wall_clock_seconds": 1.552391083969269,
  "strategy_stats": {
    "total_strategies": 10,
    "by_type": {
      "high_frequency": 5,
      "scalping": 3,
      "momentum": 1,
      "mean_reversion": 1
    },
    "by_timeframe": {
      "1m": 8,
      "5m": 2
    },
    "instruments": {
      "unique_count": 38,
      "total_count": 63,
      "avg_per_strategy": 6.3,
      "most_common": {
        "GOOGL": 4,
        "DIS": 4,
        "MSFT": 3,
        "PEP": 3,
        "ABBV": 3,
        "META": 3,
        "NVDA": 3,
        "AAPL": 2,
        "BA": 2,
        "NOW": 2
      }
    },
    "lookback": {
      "min": 20,
      "max": 200,
      "avg": 79.0
    }
  },
  "performance": {
    "latencies": {
      "get_bars_50_api": {
        "p50": 1120.8721660077572,
        "p95": 1204.347583989147,
        "p99": 1204.347583989147,
        "avg": 1109.7962889975558,
        "min": 984.8635829985142,
        "max": 1204.347583989147,
        "count": 15
      },
      "get_bars_20_api": {
        "p50": 1063.6224169866182,
        "p95": 1175.6939160404727,
        "p99": 1175.6939160404727,
        "avg": 1083.9687315553117,
        "min": 986.5456669940613,
        "max": 1175.6939160404727,
        "count": 9
      },
      "get_bars_200_api": {
        "p50": 1407.4888339964673,
        "p95": 1515.4917500331067,
        "p99": 1515.4917500331067,
        "avg": 1378.221281246321,
        "min": 1063.5717079858296,
        "max": 1515.4917500331067,
        "count": 12
      },
      "get_bars_100_api": {
        "p50": 1232.9437080188654,
        "p95": 1288.0649169674143,
        "p99": 1309.119165991433,
        "avg": 1249.1722449474037,
        "min": 1210.3128749877214,
        "max": 1309.119165991433,
        "count": 25
      },
      "get_bar_redis_hit": {
        "p50": 2.8621659730561078,
        "p95": 6.128749984782189,
        "p99": 7.632708991877735,
        "avg": 2.9827122635482963,
        "min": 0.6180829950608313,
        "max": 22.136667044833302,
        "count": 393
      },
      "get_bars_100_redis": {
        "p50": 6.951999966986477,
        "p95": 10.988791997078806,
        "p99": 11.823374952655286,
        "avg": 6.523515944395007,
        "min": 0.33254100708290935,
        "max": 12.084499991033226,
        "count": 180
      },
      "get_bars_200_redis": {
        "p50": 12.35199999064207,
        "p95": 15.273125027306378,
        "p99": 15.460041991900653,
        "avg": 7.450296912187089,
        "min": 0.396709016058594,
        "max": 15.460041991900653,
        "count": 24
      },
      "get_bar_api_fetch": {
        "p50": 1064.361083030235,
        "p95": 1133.1115000066347,
        "p99": 1137.349708005786,
        "avg": 1045.0793224106328,
        "min": 928.8731249980628,
        "max": 1137.349708005786,
        "count": 61
      },
      "get_bars_20_redis": {
        "p50": 5.154958984348923,
        "p95": 8.180041040759534,
        "p99": 8.925833040848374,
        "avg": 5.17999667848926,
        "min": 0.25920901680365205,
        "max": 8.925833040848374,
        "count": 100
      },
      "get_bars_50_redis": {
        "p50": 7.095834007486701,
        "p95": 10.269249964039773,
        "p99": 10.61479200143367,
        "avg": 6.745909741148353,
        "min": 0.2512499922886491,
        "max": 10.7092090183869,
        "count": 150
      }
    },
    "cache_hit_rates": {
      "redis_bulk": {
        "rate": 88.15533980582524,
        "hits": 454,
        "misses": 61,
        "total": 515
      },
      "redis": {
        "rate": 86.56387665198237,
        "hits": 393,
        "misses": 61,
        "total": 454
      }
    },
    "total_runtime_seconds": 3.4923362731933594
  },
  "system": {
    "duration_seconds": 3.488861322402954,
    "cpu": {
      "avg_percent": 0.0,
      "max_percent": 0.0,
      "min_percent": 0.0,
      "num_cores": 10
    },
    "memory": {
      "avg_rss_mb": 75.52734375,
      "max_rss_mb": 81.45703125,
      "peak_percent": 0.4971742630004883,
      "final_rss_mb": 81.45703125
    },
    "network": {
      "total_sent_mb": 6.6884765625,
      "total_recv_mb": 7.8037109375,
      "avg_send_mbps": 30.34864287922343,
      "avg_recv_mbps": 35.408965578606285
    },
    "threads": {
      "avg": 16.0,
      "max": 16,
      "final": 16
    },
    "snapshots_collected": 2
  },
  "timestamp": "2025-10-16T15:54:00.393954"
}