{
  "strategy_count": 50,
  "cache_mode": "3-tier",
  "duration_minutes": 10,
  "wall_clock_seconds": 1.8074361250037327,
  "strategy_stats": {
    "total_strategies": 50,
    "by_type": {
      "high_frequency": 21,
      "scalping": 15,
      "momentum": 7,
      "mean_reversion": 5,
      "swing": 2
    },
    "by_timeframe": {
      "1m": 36,
      "5m": 12,
      "15m": 2
    },
    "instruments": {
      "unique_count": 50,
      "total_count": 363,
      "avg_per_strategy": 7.26,
      "most_common": {
        "VZ": 13,
        "WFC": 13,
        "MSFT": 13,
        "TSLA": 12,
        "ACN": 11,
        "WMT": 10,
        "JNJ": 10,
        "NOW": 10,
        "JPM": 10,
        "IBM": 9
      }
    },
    "lookback": {
      "min": 20,
      "max": 500,
      "avg": 91.0
    }
  },
  "performance": {
    "latencies": {
      "get_bars_50_redis": {
        "p50": 14.902833034284413,
        "p95": 33.54379202937707,
        "p99": 35.655457992106676,
        "avg": 14.250590960728005,
        "min": 0.34029100788757205,
        "max": 35.655457992106676,
        "count": 22
      },
      "get_bars_20_redis": {
        "p50": 20.506166969425976,
        "p95": 36.0965839936398,
        "p99": 36.0965839936398,
        "avg": 21.043928705954126,
        "min": 12.53220799844712,
        "max": 36.0965839936398,
        "count": 7
      },
      "get_bars_50_api": {
        "p50": 1115.7484169816598,
        "p95": 1231.745790981222,
        "p99": 1231.745790981222,
        "avg": 1100.1463143567723,
        "min": 947.0417079865001,
        "max": 1231.745790981222,
        "count": 11
      },
      "get_bars_200_api": {
        "p50": 1403.241291991435,
        "p95": 1542.7949999575503,
        "p99": 1716.44433302572,
        "avg": 1389.4058759527302,
        "min": 1033.2867910037749,
        "max": 1716.44433302572,
        "count": 43
      },
      "get_bars_20_api": {
        "p50": 1157.4717499897815,
        "p95": 1208.8599579874426,
        "p99": 1208.8599579874426,
        "avg": 1160.2361583849415,
        "min": 1108.190957980696,
        "max": 1208.8599579874426,
        "count": 5
      },
      "get_bars_100_api": {
        "p50": 1251.064999960363,
        "p95": 1297.00637498172,
        "p99": 1383.3313750219531,
        "avg": 1253.7015044449909,
        "min": 1180.5045410292223,
        "max": 1383.3313750219531,
        "count": 47
      },
      "get_bar_redis_hit": {
        "p50": 7.23433296661824,
        "p95": 40.63854197738692,
        "p99": 63.59512498602271,
        "avg": 11.238024414294658,
        "min": 0.6452089874073863,
        "max": 69.43487504031509,
        "count": 3569
      },
      "get_bars_20_memory": {
        "p50": 0.008875038474798203,
        "p95": 0.027542002499103546,
        "p99": 0.04845898365601897,
        "avg": 0.011551114299093572,
        "min": 0.002541986759752035,
        "max": 0.07791700772941113,
        "count": 626
      },
      "get_bars_100_memory": {
        "p50": 0.00904203625395894,
        "p95": 0.023083004634827375,
        "p99": 0.04245800664648414,
        "avg": 0.011081082017767209,
        "min": 0.002667016815394163,
        "max": 0.09662500815466046,
        "count": 1507
      },
      "get_bars_50_memory": {
        "p50": 0.010124989785254002,
        "p95": 0.027875008527189493,
        "p99": 0.05083397263661027,
        "avg": 0.012383897968975958,
        "min": 0.002416956704109907,
        "max": 0.30395801877602935,
        "count": 1463
      },
      "get_bars_200_memory": {
        "p50": 0.009916024282574654,
        "p95": 0.030207971576601267,
        "p99": 0.060999998822808266,
        "avg": 0.013166040631557876,
        "min": 0.003416964318603277,
        "max": 0.08254096610471606,
        "count": 201
      },
      "get_bars_200_redis": {
        "p50": 0.3540419857017696,
        "p95": 2.078249992337078,
        "p99": 2.078249992337078,
        "avg": 0.9217920014634728,
        "min": 0.3330840263515711,
        "max": 2.078249992337078,
        "count": 3
      },
      "get_bars_100_redis": {
        "p50": 7.913250010460615,
        "p95": 53.13845805358142,
        "p99": 61.21316697681323,
        "avg": 13.37298874456722,
        "min": 4.628250026144087,
        "max": 61.21316697681323,
        "count": 26
      },
      "get_bar_api_fetch": {
        "p50": 1213.4139999980107,
        "p95": 1298.9274999708869,
        "p99": 1319.066209020093,
        "avg": 1222.8628187041506,
        "min": 1178.8559579872526,
        "max": 1319.066209020093,
        "count": 54
      },
      "get_bars_500_memory": {
        "p50": 0.018708000425249338,
        "p95": 0.038416997995227575,
        "p99": 0.1224580337293446,
        "avg": 0.020514499223993524,
        "min": 0.00529095996171236,
        "max": 0.1224580337293446,
        "count": 46
      },
      "get_bars_500_api": {
        "p50": 1827.1010829485022,
        "p95": 2011.262167012319,
        "p99": 2051.0504170088097,
        "avg": 1805.2561755799356,
        "min": 1574.7122499742545,
        "max": 2051.0504170088097,
        "count": 28
      }
    },
    "cache_hit_rates": {
      "memory_bulk": {
        "rate": 95.24163568773234,
        "hits": 3843,
        "misses": 192,
        "total": 4035
      },
      "redis_bulk": {
        "rate": 30.208333333333332,
        "hits": 58,
        "misses": 134,
        "total": 192
      },
      "memory": {
        "rate": 0.0,
        "hits": 0,
        "misses": 3623,
        "total": 3623
      },
      "redis": {
        "rate": 98.50952249516975,
        "hits": 3569,
        "misses": 54,
        "total": 3623
      }
    },
    "total_runtime_seconds": 10.065838098526001
  },
  "system": {
    "duration_seconds": 4.282021999359131,
    "cpu": {
      "avg_percent": 0.0,
      "max_percent": 0.0,
      "min_percent": 0.0,
      "num_cores": 10
    },
    "memory": {
      "avg_rss_mb": 80.68359375,
      "max_rss_mb": 81.796875,
      "peak_percent": 0.4992485046386719,
      "final_rss_mb": 81.796875
    },
    "network": {
      "total_sent_mb": 3.5546875,
      "total_recv_mb": 6.2236328125,
      "avg_send_mbps": 14.11117272295881,
      "avg_recv_mbps": 24.70618235258695
    },
    "threads": {
      "avg": 16.0,
      "max": 16,
      "final": 16
    },
    "snapshots_collected": 2
  },
  "timestamp": "2025-10-16T15:55:10.578109"
}