{
  "strategy_count": 500,
  "cache_mode": "mock",
  "duration_minutes": 10,
  "wall_clock_seconds": 0.5937945839832537,
  "strategy_stats": {
    "total_strategies": 500,
    "by_type": {
      "high_frequency": 200,
      "scalping": 150,
      "momentum": 75,
      "mean_reversion": 50,
      "swing": 20,
      "position": 5
    },
    "by_timeframe": {
      "1m": 350,
      "5m": 125,
      "15m": 20,
      "60m": 5
    },
    "instruments": {
      "unique_count": 464,
      "total_count": 3737,
      "avg_per_strategy": 7.474,
      "most_common": {
        "BXP": 28,
        "CPT": 25,
        "REG": 25,
        "SPG": 22,
        "AVB": 20,
        "ESS": 19,
        "EQR": 19,
        "PLD": 18,
        "VTR": 18,
        "EXR": 18
      }
    },
    "lookback": {
      "min": 20,
      "max": 500,
      "avg": 91.18
    }
  },
  "performance": {
    "latencies": {
      "get_bars_20_mock": {
        "p50": 152.66362502006814,
        "p95": 234.971875033807,
        "p99": 249.9430839670822,
        "avg": 145.2833407998292,
        "min": 17.927541979588568,
        "max": 249.9430839670822,
        "count": 45
      },
      "get_bars_50_mock": {
        "p50": 154.30154203204438,
        "p95": 246.2111670174636,
        "p99": 250.04399998579174,
        "avg": 144.73200290115508,
        "min": 12.306499993428588,
        "max": 250.13833300909027,
        "count": 131
      },
      "get_bars_100_mock": {
        "p50": 151.7527920077555,
        "p95": 246.0256660124287,
        "p99": 249.94512501871213,
        "avg": 137.6196570077361,
        "min": 4.3793339864350855,
        "max": 250.22862502373755,
        "count": 276
      },
      "get_bars_200_mock": {
        "p50": 57.43749998509884,
        "p95": 224.65175000252202,
        "p99": 247.20166705083102,
        "avg": 87.15595431655197,
        "min": 6.613499950617552,
        "max": 250.11324998922646,
        "count": 349
      },
      "get_bars_500_mock": {
        "p50": 39.42316700704396,
        "p95": 233.41462499229237,
        "p99": 250.0962089980021,
        "avg": 79.34368812219844,
        "min": 7.041791977826506,
        "max": 250.0962089980021,
        "count": 97
      },
      "get_bars_50_memory": {
        "p50": 0.002708984538912773,
        "p95": 0.006249989382922649,
        "p99": 0.012249976862221956,
        "avg": 0.003454520450695667,
        "min": 0.0016249832697212696,
        "max": 0.8822500240057707,
        "count": 8499
      },
      "get_bars_100_memory": {
        "p50": 0.002833025064319372,
        "p95": 0.008417002391070127,
        "p99": 0.016584002878516912,
        "avg": 0.004007069756216918,
        "min": 0.0017080456018447876,
        "max": 1.4715410070493817,
        "count": 9517
      },
      "get_bars_200_memory": {
        "p50": 0.0029579969123005867,
        "p95": 0.009541981853544712,
        "p99": 0.0160830095410347,
        "avg": 0.003920188361441116,
        "min": 0.00204198295250535,
        "max": 0.04954199539497495,
        "count": 1649
      },
      "get_bars_20_memory": {
        "p50": 0.0029580551199615,
        "p95": 0.007458031177520752,
        "p99": 0.014125020243227482,
        "avg": 0.003689963847289149,
        "min": 0.0017499551177024841,
        "max": 0.06891699740663171,
        "count": 2651
      },
      "get_bar_memory_hit": {
        "p50": 0.001500011421740055,
        "p95": 0.0022500171326100826,
        "p99": 0.005416979547590017,
        "avg": 0.0017054330458366094,
        "min": 0.0012919772416353226,
        "max": 0.05320803029462695,
        "count": 21101
      },
      "get_bars_500_memory": {
        "p50": 0.004875008016824722,
        "p95": 0.008417002391070127,
        "p99": 0.009125040378421545,
        "avg": 0.00517972398038004,
        "min": 0.0035829725675284863,
        "max": 0.009208975825458765,
        "count": 102
      }
    },
    "cache_hit_rates": {
      "memory_bulk": {
        "rate": 96.14856750729113,
        "hits": 22418,
        "misses": 898,
        "total": 23316
      },
      "redis_bulk": {
        "rate": 0.0,
        "hits": 0,
        "misses": 898,
        "total": 898
      },
      "memory": {
        "rate": 100.0,
        "hits": 21101,
        "misses": 0,
        "total": 21101
      }
    },
    "total_runtime_seconds": 26.69346570968628
  },
  "system": {
    "duration_seconds": 26.334306001663208,
    "cpu": {
      "avg_percent": 0.0,
      "max_percent": 0.0,
      "min_percent": 0.0,
      "num_cores": 10
    },
    "memory": {
      "avg_rss_mb": 286.15234375,
      "max_rss_mb": 289.18359375,
      "peak_percent": 1.7650365829467773,
      "final_rss_mb": 289.18359375
    },
    "network": {
      "total_sent_mb": 22.8740234375,
      "total_recv_mb": 22.916015625,
      "avg_send_mbps": 227.4053414080601,
      "avg_recv_mbps": 227.82281268332574
    },
    "threads": {
      "avg": 3.0,
      "max": 3,
      "final": 3
    },
    "snapshots_collected": 2
  },
  "timestamp": "2025-10-17T19:39:17.272011"
}