{
  "strategy_count": 25,
  "cache_mode": "2-tier",
  "duration_minutes": 10,
  "wall_clock_seconds": 1.6598875839845277,
  "strategy_stats": {
    "total_strategies": 25,
    "by_type": {
      "high_frequency": 12,
      "scalping": 7,
      "momentum": 3,
      "mean_reversion": 2,
      "swing": 1
    },
    "by_timeframe": {
      "1m": 19,
      "5m": 5,
      "15m": 1
    },
    "instruments": {
      "unique_count": 50,
      "total_count": 162,
      "avg_per_strategy": 6.48,
      "most_common": {
        "NVDA": 7,
        "AMZN": 7,
        "AAPL": 7,
        "MSFT": 6,
        "AXP": 6,
        "NFLX": 5,
        "MCD": 5,
        "BRK.B": 5,
        "MA": 5,
        "V": 5
      }
    },
    "lookback": {
      "min": 20,
      "max": 200,
      "avg": 88.4
    }
  },
  "performance": {
    "latencies": {
      "get_bars_50_api": {
        "p50": 1128.618374990765,
        "p95": 1336.4611669676378,
        "p99": 1378.25591705041,
        "avg": 1155.2599015015983,
        "min": 944.558874994982,
        "max": 1378.25591705041,
        "count": 44
      },
      "get_bars_20_api": {
        "p50": 1151.777624967508,
        "p95": 1381.1191249988042,
        "p99": 1381.1191249988042,
        "avg": 1148.9414209990125,
        "min": 986.5456669940613,
        "max": 1381.1191249988042,
        "count": 19
      },
      "get_bars_200_api": {
        "p50": 1473.8413749728352,
        "p95": 1695.8929579705,
        "p99": 1708.245791029185,
        "avg": 1458.8942170646692,
        "min": 1040.8248330350034,
        "max": 1708.245791029185,
        "count": 43
      },
      "get_bars_100_api": {
        "p50": 1254.715709015727,
        "p95": 1653.863875020761,
        "p99": 1676.606625027489,
        "avg": 1309.2981336120483,
        "min": 1042.1407079556957,
        "max": 1676.606625027489,
        "count": 58
      },
      "get_bar_redis_hit": {
        "p50": 3.577499999664724,
        "p95": 9.179291955661029,
        "p99": 16.238083015196025,
        "avg": 4.04512211720646,
        "min": 0.6180829950608313,
        "max": 22.668082965537906,
        "count": 1331
      },
      "get_bars_100_redis": {
        "p50": 10.803040990140289,
        "p95": 26.45566704450175,
        "p99": 29.13329197326675,
        "avg": 11.404103987158297,
        "min": 0.33254100708290935,
        "max": 35.9791669761762,
        "count": 712
      },
      "get_bars_200_redis": {
        "p50": 12.680165993515402,
        "p95": 29.292124963831156,
        "p99": 37.149707961361855,
        "avg": 12.610442468082939,
        "min": 0.3421250148676336,
        "max": 37.149707961361855,
        "count": 87
      },
      "get_bar_api_fetch": {
        "p50": 1058.236584009137,
        "p95": 1159.7213750355877,
        "p99": 1168.8075830461457,
        "avg": 1049.388471166343,
        "min": 910.5124580091797,
        "max": 1173.0217500007711,
        "count": 152
      },
      "get_bars_20_redis": {
        "p50": 7.791707990691066,
        "p95": 13.319417019374669,
        "p99": 28.057167015504092,
        "avg": 8.189949564644143,
        "min": 0.25920901680365205,
        "max": 28.756541956681758,
        "count": 222
      },
      "get_bars_50_redis": {
        "p50": 10.307457996532321,
        "p95": 28.206292015966028,
        "p99": 30.040749988984317,
        "avg": 11.566940805760725,
        "min": 0.2512499922886491,
        "max": 35.56429099990055,
        "count": 490
      }
    },
    "cache_hit_rates": {
      "redis_bulk": {
        "rate": 90.2089552238806,
        "hits": 1511,
        "misses": 164,
        "total": 1675
      },
      "redis": {
        "rate": 89.75050573162508,
        "hits": 1331,
        "misses": 152,
        "total": 1483
      }
    },
    "total_runtime_seconds": 7.28555703163147
  },
  "system": {
    "duration_seconds": 3.7894279956817627,
    "cpu": {
      "avg_percent": 0.0,
      "max_percent": 0.0,
      "min_percent": 0.0,
      "num_cores": 10
    },
    "memory": {
      "avg_rss_mb": 105.056640625,
      "max_rss_mb": 106.82421875,
      "peak_percent": 0.652003288269043,
      "final_rss_mb": 106.82421875
    },
    "network": {
      "total_sent_mb": 15.8955078125,
      "total_recv_mb": 17.7900390625,
      "avg_send_mbps": 68.0223578026382,
      "avg_recv_mbps": 76.1297101487166
    },
    "threads": {
      "avg": 16.0,
      "max": 16,
      "final": 16
    },
    "snapshots_collected": 2
  },
  "timestamp": "2025-10-16T15:54:04.187608"
}