{
  "strategy_count": 50,
  "cache_mode": "2-tier",
  "duration_minutes": 10,
  "wall_clock_seconds": 1.8770230840309523,
  "strategy_stats": {
    "total_strategies": 50,
    "by_type": {
      "high_frequency": 21,
      "scalping": 15,
      "momentum": 7,
      "mean_reversion": 5,
      "swing": 2
    },
    "by_timeframe": {
      "1m": 36,
      "5m": 12,
      "15m": 2
    },
    "instruments": {
      "unique_count": 50,
      "total_count": 363,
      "avg_per_strategy": 7.26,
      "most_common": {
        "VZ": 13,
        "WFC": 13,
        "MSFT": 13,
        "TSLA": 12,
        "ACN": 11,
        "WMT": 10,
        "JNJ": 10,
        "NOW": 10,
        "JPM": 10,
        "IBM": 9
      }
    },
    "lookback": {
      "min": 20,
      "max": 500,
      "avg": 91.0
    }
  },
  "performance": {
    "latencies": {
      "get_bars_50_api": {
        "p50": 1192.501417011954,
        "p95": 1501.834583003074,
        "p99": 1686.2322500091977,
        "avg": 1212.0451716429889,
        "min": 944.558874994982,
        "max": 1686.2322500091977,
        "count": 67
      },
      "get_bars_20_api": {
        "p50": 1175.6939160404727,
        "p95": 1658.6152919917367,
        "p99": 1719.76624999661,
        "avg": 1234.8808282457123,
        "min": 986.5456669940613,
        "max": 1719.76624999661,
        "count": 33
      },
      "get_bars_200_api": {
        "p50": 1477.7458750177175,
        "p95": 2042.6297499798238,
        "p99": 2060.0529169896618,
        "avg": 1517.336706102859,
        "min": 1040.8248330350034,
        "max": 2060.0529169896618,
        "count": 56
      },
      "get_bars_100_api": {
        "p50": 1285.6367090134881,
        "p95": 1971.7464999994263,
        "p99": 2058.9389160159044,
        "avg": 1446.952542135082,
        "min": 1042.1407079556957,
        "max": 2058.9389160159044,
        "count": 92
      },
      "get_bar_redis_hit": {
        "p50": 5.563582992181182,
        "p95": 21.65204205084592,
        "p99": 35.092166042886674,
        "avg": 7.650194368379797,
        "min": 0.6180829950608313,
        "max": 48.22920897277072,
        "count": 3410
      },
      "get_bars_100_redis": {
        "p50": 18.193166004493833,
        "p95": 59.56870800582692,
        "p99": 67.00304202968255,
        "avg": 22.731632861064345,
        "min": 0.33254100708290935,
        "max": 69.86308400519192,
        "count": 1488
      },
      "get_bars_200_redis": {
        "p50": 29.296374996192753,
        "p95": 71.2575830402784,
        "p99": 73.30316700972617,
        "avg": 36.165809546809406,
        "min": 0.3421250148676336,
        "max": 73.84074997389689,
        "count": 191
      },
      "get_bar_api_fetch": {
        "p50": 1049.910124973394,
        "p95": 1157.8223750111647,
        "p99": 1168.7397920177318,
        "avg": 1043.236668996935,
        "min": 901.1136249755509,
        "max": 1173.0217500007711,
        "count": 213
      },
      "get_bars_20_redis": {
        "p50": 15.229167009238154,
        "p95": 52.20899998676032,
        "p99": 54.856124974321574,
        "avg": 16.662535568880116,
        "min": 0.25920901680365205,
        "max": 55.90083304559812,
        "count": 605
      },
      "get_bars_50_redis": {
        "p50": 20.801791979465634,
        "p95": 55.39179197512567,
        "p99": 59.053791977930814,
        "avg": 21.73701262072529,
        "min": 0.2512499922886491,
        "max": 66.25220802379772,
        "count": 1429
      },
      "get_bars_500_api": {
        "p50": 2036.0417080228217,
        "p95": 2369.2849579965696,
        "p99": 2395.3495000023395,
        "avg": 1987.718274749568,
        "min": 1523.5320840147324,
        "max": 2395.3495000023395,
        "count": 32
      },
      "get_bars_500_redis": {
        "p50": 3.0401250114664435,
        "p95": 75.59554098406807,
        "p99": 80.47279197489843,
        "avg": 16.2399613777996,
        "min": 0.9795419755391777,
        "max": 80.47279197489843,
        "count": 42
      }
    },
    "cache_hit_rates": {
      "redis_bulk": {
        "rate": 93.06071871127634,
        "hits": 3755,
        "misses": 280,
        "total": 4035
      },
      "redis": {
        "rate": 94.1208942865029,
        "hits": 3410,
        "misses": 213,
        "total": 3623
      }
    },
    "total_runtime_seconds": 11.986109018325806
  },
  "system": {
    "duration_seconds": 4.690715789794922,
    "cpu": {
      "avg_percent": 0.0,
      "max_percent": 0.0,
      "min_percent": 0.0,
      "num_cores": 10
    },
    "memory": {
      "avg_rss_mb": 117.28515625,
      "max_rss_mb": 120.4453125,
      "peak_percent": 0.7351398468017578,
      "final_rss_mb": 114.125
    },
    "network": {
      "total_sent_mb": 32.4052734375,
      "total_recv_mb": 36.080078125,
      "avg_send_mbps": 124.24160589170965,
      "avg_recv_mbps": 138.33078296944532
    },
    "threads": {
      "avg": 16.0,
      "max": 16,
      "final": 16
    },
    "snapshots_collected": 2
  },
  "timestamp": "2025-10-16T15:54:08.888841"
}