{
  "strategy_count": 100,
  "cache_mode": "3-tier",
  "duration_minutes": 10,
  "wall_clock_seconds": 2.4480810000095516,
  "strategy_stats": {
    "total_strategies": 100,
    "by_type": {
      "high_frequency": 40,
      "scalping": 30,
      "momentum": 15,
      "mean_reversion": 10,
      "swing": 4,
      "position": 1
    },
    "by_timeframe": {
      "1m": 70,
      "5m": 25,
      "15m": 4,
      "60m": 1
    },
    "instruments": {
      "unique_count": 50,
      "total_count": 744,
      "avg_per_strategy": 7.44,
      "most_common": {
        "NVDA": 28,
        "AMZN": 26,
        "META": 24,
        "TSLA": 23,
        "GOOGL": 22,
        "MSFT": 22,
        "BA": 21,
        "MCD": 21,
        "V": 21,
        "GE": 20
      }
    },
    "lookback": {
      "min": 20,
      "max": 500,
      "avg": 93.9
    }
  },
  "performance": {
    "latencies": {
      "get_bars_50_redis": {
        "p50": 14.902833034284413,
        "p95": 33.54379202937707,
        "p99": 35.655457992106676,
        "avg": 14.250590960728005,
        "min": 0.34029100788757205,
        "max": 35.655457992106676,
        "count": 22
      },
      "get_bars_20_redis": {
        "p50": 20.506166969425976,
        "p95": 36.0965839936398,
        "p99": 36.0965839936398,
        "avg": 21.043928705954126,
        "min": 12.53220799844712,
        "max": 36.0965839936398,
        "count": 7
      },
      "get_bars_50_api": {
        "p50": 1115.7484169816598,
        "p95": 1231.745790981222,
        "p99": 1231.745790981222,
        "avg": 1100.1463143567723,
        "min": 947.0417079865001,
        "max": 1231.745790981222,
        "count": 11
      },
      "get_bars_200_api": {
        "p50": 1398.3017910504714,
        "p95": 1542.7949999575503,
        "p99": 1716.44433302572,
        "avg": 1378.1772796426797,
        "min": 979.0204589953646,
        "max": 1716.44433302572,
        "count": 45
      },
      "get_bars_20_api": {
        "p50": 1157.4717499897815,
        "p95": 1208.8599579874426,
        "p99": 1208.8599579874426,
        "avg": 1160.2361583849415,
        "min": 1108.190957980696,
        "max": 1208.8599579874426,
        "count": 5
      },
      "get_bars_100_api": {
        "p50": 1251.064999960363,
        "p95": 1297.00637498172,
        "p99": 1383.3313750219531,
        "avg": 1253.7015044449909,
        "min": 1180.5045410292223,
        "max": 1383.3313750219531,
        "count": 47
      },
      "get_bar_redis_hit": {
        "p50": 16.2905830075033,
        "p95": 83.49833299871534,
        "p99": 168.12712501268834,
        "avg": 28.74088901936282,
        "min": 0.6452089874073863,
        "max": 200.25374996475875,
        "count": 7685
      },
      "get_bars_20_memory": {
        "p50": 0.013666984159499407,
        "p95": 0.04675000673159957,
        "p99": 0.08304102811962366,
        "avg": 0.017158322971274873,
        "min": 0.002541986759752035,
        "max": 0.37158303894102573,
        "count": 1137
      },
      "get_bars_100_memory": {
        "p50": 0.015042023733258247,
        "p95": 0.057416968047618866,
        "p99": 0.11099997209385037,
        "avg": 0.019902551170067898,
        "min": 0.002667016815394163,
        "max": 1.3197919470258057,
        "count": 3729
      },
      "get_bars_50_memory": {
        "p50": 0.01387501833960414,
        "p95": 0.050125003326684237,
        "p99": 0.0907920184545219,
        "avg": 0.017492699226555483,
        "min": 0.002416956704109907,
        "max": 0.3178750048391521,
        "count": 2799
      },
      "get_bars_200_memory": {
        "p50": 0.0159589690156281,
        "p95": 0.07733399979770184,
        "p99": 0.20762498024851084,
        "avg": 0.026261445440792865,
        "min": 0.003416964318603277,
        "max": 0.41741697350516915,
        "count": 583
      },
      "get_bars_200_redis": {
        "p50": 2.939582976978272,
        "p95": 26.450750010553747,
        "p99": 26.450750010553747,
        "avg": 5.993888994756465,
        "min": 0.3330840263515711,
        "max": 26.450750010553747,
        "count": 6
      },
      "get_bars_100_redis": {
        "p50": 7.913250010460615,
        "p95": 53.13845805358142,
        "p99": 61.21316697681323,
        "avg": 13.37298874456722,
        "min": 4.628250026144087,
        "max": 61.21316697681323,
        "count": 26
      },
      "get_bar_api_fetch": {
        "p50": 1244.5029589580372,
        "p95": 1344.8673749808222,
        "p99": 1345.3988340334035,
        "avg": 1254.271296618972,
        "min": 1178.8559579872526,
        "max": 1345.3988340334035,
        "count": 100
      },
      "get_bars_500_memory": {
        "p50": 0.017499958630651236,
        "p95": 0.038416997995227575,
        "p99": 0.1224580337293446,
        "avg": 0.01944836073865493,
        "min": 0.00529095996171236,
        "max": 0.1224580337293446,
        "count": 75
      },
      "get_bars_500_api": {
        "p50": 1755.5030840449035,
        "p95": 2011.262167012319,
        "p99": 2051.0504170088097,
        "avg": 1758.6371940051322,
        "min": 966.5110419737175,
        "max": 2051.0504170088097,
        "count": 32
      },
      "get_bars_500_redis": {
        "p50": 11.09629200072959,
        "p95": 11.09629200072959,
        "p99": 11.09629200072959,
        "avg": 11.09629200072959,
        "min": 11.09629200072959,
        "max": 11.09629200072959,
        "count": 1
      }
    },
    "cache_hit_rates": {
      "memory_bulk": {
        "rate": 97.63049853372434,
        "hits": 8323,
        "misses": 202,
        "total": 8525
      },
      "redis_bulk": {
        "rate": 30.693069306930692,
        "hits": 62,
        "misses": 140,
        "total": 202
      },
      "memory": {
        "rate": 0.0,
        "hits": 0,
        "misses": 7785,
        "total": 7785
      },
      "redis": {
        "rate": 98.71547848426461,
        "hits": 7685,
        "misses": 100,
        "total": 7785
      }
    },
    "total_runtime_seconds": 14.561339855194092
  },
  "system": {
    "duration_seconds": 4.475347995758057,
    "cpu": {
      "avg_percent": 0.0,
      "max_percent": 0.0,
      "min_percent": 0.0,
      "num_cores": 10
    },
    "memory": {
      "avg_rss_mb": 77.810546875,
      "max_rss_mb": 83.7109375,
      "peak_percent": 0.5109310150146484,
      "final_rss_mb": 71.91015625
    },
    "network": {
      "total_sent_mb": 2.6435546875,
      "total_recv_mb": 3.5322265625,
      "avg_send_mbps": 7.964609944743444,
      "avg_recv_mbps": 10.642037004114162
    },
    "threads": {
      "avg": 16.0,
      "max": 16,
      "final": 16
    },
    "snapshots_collected": 2
  },
  "timestamp": "2025-10-16T15:55:15.075679"
}