{
  "strategy_count": 25,
  "cache_mode": "3-tier",
  "duration_minutes": 10,
  "wall_clock_seconds": 1.606603333959356,
  "strategy_stats": {
    "total_strategies": 25,
    "by_type": {
      "high_frequency": 12,
      "scalping": 7,
      "momentum": 3,
      "mean_reversion": 2,
      "swing": 1
    },
    "by_timeframe": {
      "1m": 19,
      "5m": 5,
      "15m": 1
    },
    "instruments": {
      "unique_count": 50,
      "total_count": 162,
      "avg_per_strategy": 6.48,
      "most_common": {
        "NVDA": 7,
        "AMZN": 7,
        "AAPL": 7,
        "MSFT": 6,
        "AXP": 6,
        "NFLX": 5,
        "MCD": 5,
        "BRK.B": 5,
        "MA": 5,
        "V": 5
      }
    },
    "lookback": {
      "min": 20,
      "max": 200,
      "avg": 88.4
    }
  },
  "performance": {
    "latencies": {
      "get_bars_50_redis": {
        "p50": 14.902833034284413,
        "p95": 33.54379202937707,
        "p99": 35.655457992106676,
        "avg": 14.250590960728005,
        "min": 0.34029100788757205,
        "max": 35.655457992106676,
        "count": 22
      },
      "get_bars_20_redis": {
        "p50": 20.506166969425976,
        "p95": 36.0965839936398,
        "p99": 36.0965839936398,
        "avg": 21.043928705954126,
        "min": 12.53220799844712,
        "max": 36.0965839936398,
        "count": 7
      },
      "get_bars_50_api": {
        "p50": 1115.7484169816598,
        "p95": 1231.745790981222,
        "p99": 1231.745790981222,
        "avg": 1100.1463143567723,
        "min": 947.0417079865001,
        "max": 1231.745790981222,
        "count": 11
      },
      "get_bars_200_api": {
        "p50": 1403.241291991435,
        "p95": 1535.586083016824,
        "p99": 1542.7949999575503,
        "avg": 1376.530897898192,
        "min": 1033.2867910037749,
        "max": 1542.7949999575503,
        "count": 40
      },
      "get_bars_20_api": {
        "p50": 1157.4717499897815,
        "p95": 1208.8599579874426,
        "p99": 1208.8599579874426,
        "avg": 1160.2361583849415,
        "min": 1108.190957980696,
        "max": 1208.8599579874426,
        "count": 5
      },
      "get_bars_100_api": {
        "p50": 1251.064999960363,
        "p95": 1293.2676670025103,
        "p99": 1299.1685000015423,
        "avg": 1250.8834637802743,
        "min": 1180.5045410292223,
        "max": 1299.1685000015423,
        "count": 46
      },
      "get_bar_redis_hit": {
        "p50": 4.355333978310227,
        "p95": 14.20008298009634,
        "p99": 25.13999998336658,
        "avg": 5.531813449933589,
        "min": 0.6452089874073863,
        "max": 28.45595800317824,
        "count": 1459
      },
      "get_bars_20_memory": {
        "p50": 0.006459013093262911,
        "p95": 0.01191598130390048,
        "p99": 0.023333006538450718,
        "avg": 0.006980549159772922,
        "min": 0.002541986759752035,
        "max": 0.03687501884996891,
        "count": 229
      },
      "get_bars_100_memory": {
        "p50": 0.006707967258989811,
        "p95": 0.013415992725640535,
        "p99": 0.022458028979599476,
        "avg": 0.007688045529489914,
        "min": 0.002667016815394163,
        "max": 0.06329099414870143,
        "count": 704
      },
      "get_bars_50_memory": {
        "p50": 0.005832989700138569,
        "p95": 0.014208955690264702,
        "p99": 0.018583028577268124,
        "avg": 0.006808722047823037,
        "min": 0.002416956704109907,
        "max": 0.02475001383572817,
        "count": 501
      },
      "get_bars_200_memory": {
        "p50": 0.008417002391070127,
        "p95": 0.016290985513478518,
        "p99": 0.032374984584748745,
        "avg": 0.009116831091072026,
        "min": 0.004708999767899513,
        "max": 0.032374984584748745,
        "count": 87
      },
      "get_bars_200_redis": {
        "p50": 0.3540419857017696,
        "p95": 2.078249992337078,
        "p99": 2.078249992337078,
        "avg": 0.9217920014634728,
        "min": 0.3330840263515711,
        "max": 2.078249992337078,
        "count": 3
      },
      "get_bars_100_redis": {
        "p50": 7.268249988555908,
        "p95": 27.274290972854942,
        "p99": 27.274290972854942,
        "avg": 9.048983262619004,
        "min": 4.628250026144087,
        "max": 27.274290972854942,
        "count": 20
      },
      "get_bar_api_fetch": {
        "p50": 1202.2035000263713,
        "p95": 1220.2855419600382,
        "p99": 1222.421167010907,
        "avg": 1201.4218230397091,
        "min": 1178.8559579872526,
        "max": 1222.421167010907,
        "count": 24
      }
    },
    "cache_hit_rates": {
      "memory_bulk": {
        "rate": 90.80597014925374,
        "hits": 1521,
        "misses": 154,
        "total": 1675
      },
      "redis_bulk": {
        "rate": 33.76623376623377,
        "hits": 52,
        "misses": 102,
        "total": 154
      },
      "memory": {
        "rate": 0.0,
        "hits": 0,
        "misses": 1483,
        "total": 1483
      },
      "redis": {
        "rate": 98.38165879973027,
        "hits": 1459,
        "misses": 24,
        "total": 1483
      }
    },
    "total_runtime_seconds": 5.773468017578125
  },
  "system": {
    "duration_seconds": 3.572512149810791,
    "cpu": {
      "avg_percent": 0.0,
      "max_percent": 0.0,
      "min_percent": 0.0,
      "num_cores": 10
    },
    "memory": {
      "avg_rss_mb": 78.0390625,
      "max_rss_mb": 79.19921875,
      "peak_percent": 0.48339366912841797,
      "final_rss_mb": 79.19921875
    },
    "network": {
      "total_sent_mb": 2.0380859375,
      "total_recv_mb": 3.6806640625,
      "avg_send_mbps": 8.983175891653572,
      "avg_recv_mbps": 16.223090529775906
    },
    "threads": {
      "avg": 16.0,
      "max": 16,
      "final": 16
    },
    "snapshots_collected": 2
  },
  "timestamp": "2025-10-16T15:55:06.285197"
}