{
  "strategy_count": 100,
  "cache_mode": "2-tier",
  "duration_minutes": 10,
  "wall_clock_seconds": 2.3660881250398234,
  "strategy_stats": {
    "total_strategies": 100,
    "by_type": {
      "high_frequency": 40,
      "scalping": 30,
      "momentum": 15,
      "mean_reversion": 10,
      "swing": 4,
      "position": 1
    },
    "by_timeframe": {
      "1m": 70,
      "5m": 25,
      "15m": 4,
      "60m": 1
    },
    "instruments": {
      "unique_count": 50,
      "total_count": 744,
      "avg_per_strategy": 7.44,
      "most_common": {
        "NVDA": 28,
        "AMZN": 26,
        "META": 24,
        "TSLA": 23,
        "GOOGL": 22,
        "MSFT": 22,
        "BA": 21,
        "MCD": 21,
        "V": 21,
        "GE": 20
      }
    },
    "lookback": {
      "min": 20,
      "max": 500,
      "avg": 93.9
    }
  },
  "performance": {
    "latencies": {
      "get_bars_50_api": {
        "p50": 1199.1576249711215,
        "p95": 1491.1076249554753,
        "p99": 1686.2322500091977,
        "avg": 1221.7446330006246,
        "min": 938.9956659870222,
        "max": 1686.2322500091977,
        "count": 83
      },
      "get_bars_20_api": {
        "p50": 1163.9809589833021,
        "p95": 1545.0780829996802,
        "p99": 1719.76624999661,
        "avg": 1228.3011818838465,
        "min": 956.1502090073191,
        "max": 1719.76624999661,
        "count": 41
      },
      "get_bars_200_api": {
        "p50": 1509.88770800177,
        "p95": 1964.6792499697767,
        "p99": 2060.0529169896618,
        "avg": 1524.8151688775831,
        "min": 1040.8248330350034,
        "max": 2060.0529169896618,
        "count": 94
      },
      "get_bars_100_api": {
        "p50": 1288.134792004712,
        "p95": 1968.1776670040563,
        "p99": 2011.8619170389138,
        "avg": 1449.574298585477,
        "min": 1042.1407079556957,
        "max": 2058.9389160159044,
        "count": 139
      },
      "get_bar_redis_hit": {
        "p50": 10.33162500243634,
        "p95": 39.3115829792805,
        "p99": 54.81520900502801,
        "avg": 13.955535221441748,
        "min": 0.6180829950608313,
        "max": 66.39937503496185,
        "count": 7518
      },
      "get_bars_100_redis": {
        "p50": 42.805375007446855,
        "p95": 122.48183297924697,
        "p99": 165.77641700860113,
        "avg": 47.01440659468412,
        "min": 0.33254100708290935,
        "max": 175.07316602859646,
        "count": 3663
      },
      "get_bars_200_redis": {
        "p50": 86.78075001807883,
        "p95": 156.70441702241078,
        "p99": 162.33770799590275,
        "avg": 81.35592346737178,
        "min": 0.3421250148676336,
        "max": 163.51983399363235,
        "count": 540
      },
      "get_bar_api_fetch": {
        "p50": 1049.935125047341,
        "p95": 1155.231791024562,
        "p99": 1168.7397920177318,
        "avg": 1044.1616571365337,
        "min": 901.1136249755509,
        "max": 1173.0217500007711,
        "count": 267
      },
      "get_bars_20_redis": {
        "p50": 25.13687504688278,
        "p95": 71.8582920380868,
        "p99": 92.02916698995978,
        "avg": 27.980351482899625,
        "min": 0.25920901680365205,
        "max": 96.45845799241215,
        "count": 1108
      },
      "get_bars_50_redis": {
        "p50": 29.359249980188906,
        "p95": 90.12979199178517,
        "p99": 146.93554199766368,
        "avg": 37.74749417594479,
        "min": 0.2512499922886491,
        "max": 164.57112500211224,
        "count": 2749
      },
      "get_bars_500_api": {
        "p50": 2036.0417080228217,
        "p95": 2369.2849579965696,
        "p99": 2395.3495000023395,
        "avg": 1969.9416403692387,
        "min": 1136.552833020687,
        "max": 2395.3495000023395,
        "count": 38
      },
      "get_bars_500_redis": {
        "p50": 5.904332967475057,
        "p95": 173.4692919999361,
        "p99": 174.90083299344406,
        "avg": 51.853420925492955,
        "min": 0.9795419755391777,
        "max": 174.90083299344406,
        "count": 70
      }
    },
    "cache_hit_rates": {
      "redis_bulk": {
        "rate": 95.366568914956,
        "hits": 8130,
        "misses": 395,
        "total": 8525
      },
      "redis": {
        "rate": 96.57032755298651,
        "hits": 7518,
        "misses": 267,
        "total": 7785
      }
    },
    "total_runtime_seconds": 16.96609616279602
  },
  "system": {
    "duration_seconds": 4.962108850479126,
    "cpu": {
      "avg_percent": 0.0,
      "max_percent": 0.0,
      "min_percent": 0.0,
      "num_cores": 10
    },
    "memory": {
      "avg_rss_mb": 144.205078125,
      "max_rss_mb": 145.875,
      "peak_percent": 0.890350341796875,
      "final_rss_mb": 142.53515625
    },
    "network": {
      "total_sent_mb": 63.87890625,
      "total_recv_mb": 66.3955078125,
      "avg_send_mbps": 198.5135626797316,
      "avg_recv_mbps": 206.334290543513
    },
    "threads": {
      "avg": 16.0,
      "max": 16,
      "final": 16
    },
    "snapshots_collected": 2
  },
  "timestamp": "2025-10-16T15:54:13.870187"
}